phen	desc	n	n_new	n_cas	n_cas_new	r_all	pval_all	r_sub	pval_sub	inv_n_new	inv_R2
50	height	360338	72067	0	0	0.28867678932589574	0.0	0.5279699978517828	0.0	1.3875976521847725e-05	11.999862429424065
50	height	360338	144135	0	0	0.34984530659727137	0.0	0.47071017303566	0.0	6.937940125576717e-06	8.170486111745873
50	height	360338	216202	0	0	0.3817573939782816	0.0	0.44335519074873475	0.0	4.625304113745478e-06	6.861595074526103
50	height	360338	288270	0	0	0.4010455766758273	0.0	0.42569711781472064	0.0	3.4689700627883583e-06	6.217453396787539
50	height	360338	360338	0	0	0.4139807645907494	0.0	0.4139807645907494	0.0	2.775172199434975e-06	5.834984078735902
