phen	desc	n	n_cas	n_train	n_cas_train	n_test	n_cas_test	r	pval	inv_n_train	inv_R2
2443	diabetes	360142	17272	77220	15494	36014	1778	0.09628731333124477	6.315495939614399e-75	1.295001295001295e-05	107.860359176708
2443	diabetes	360142	17272	138947	15494	36014	1778	0.10124052045012684	1.1281419604532704e-82	7.196988779894492e-06	97.56437388624157
2443	diabetes	360142	17272	200674	15494	36014	1778	0.102375152997838	1.6672553969733927e-84	4.983206593778965e-06	95.41372963906471
2443	diabetes	360142	17272	262401	15494	36014	1778	0.1038122546488147	7.4808699262852355e-87	3.810961086276348e-06	92.79033726179715
2443	diabetes	360142	17272	324128	15494	36014	1778	0.10455976918349118	4.3596113050772625e-88	3.0852009082831475e-06	91.46833385938305
