phen	desc	n	n_new	n_cas	n_cas_new	r_all	pval_all	r_sub	pval_sub	inv_n_new	inv_R2
21001	BMI	359933	71986	0	0	0.3049085094344871	0.0	0.717609084761418	0.0	1.3891590031394994e-05	10.756250558310581
21001	BMI	359933	143973	0	0	0.3915532057050929	0.0	0.616573084060036	0.0	6.9457467719641875e-06	6.522565246023869
21001	BMI	359933	215959	0	0	0.441001011717289	0.0	0.5593321025823396	0.0	4.630508568756106e-06	5.141866875061133
21001	BMI	359933	287946	0	0	0.4739688846729128	0.0	0.5230360902752398	0.0	3.4728733859820938e-06	4.451438076290039
21001	BMI	359933	359933	0	0	0.49846468816069245	0.0	0.49846468816069245	0.0	2.778294849319179e-06	4.024678599204117
