phen	desc	n	n_new	n_cas	n_cas_new	r_all	pval_all	r_sub	pval_sub	inv_n_new	inv_R2
2443	diabetes	360142	85846	17272	17272	0.39003009983913833	0.0	0.6777111605437944	0.0	1.1648766395638701e-05	6.5736072302338115
2443	diabetes	360142	154420	17272	17272	0.40995841421993434	0.0	0.5743846934293529	0.0	6.475845097785261e-06	5.950046926420418
2443	diabetes	360142	222994	17272	17272	0.4178910011456348	0.0	0.5081822354011588	0.0	4.484425589926187e-06	5.726298217083218
2443	diabetes	360142	291568	17272	17272	0.4220711643540608	0.0	0.46090103823698336	0.0	3.429731657795094e-06	5.613434185411595
2443	diabetes	360142	360142	17272	17272	0.42442134982822816	0.0	0.42442134982822816	0.0	2.7766825307795257e-06	5.551438787738206
