phen	desc	n_train	n_cas_train	n_test	n_cas_test	r	pval
50	height	324304	0	36034	0	0.190063030027666	2.9517239423211184e-290
