phen	desc	n_train	n_cas_train	n_test	n_cas_test	r	pval
2443	diabetes	324128	15494	36014	1778	0.07406632402976336	5.4354094937588364e-45
