phen	desc	n_train	n_cas_train	n_test	n_cas_test	r	pval
21001	BMI	323940	0	35993	0	0.15984827375111196	1.3506392401141323e-204
