phen	desc	n_train	n_cas_train	n_test	n_cas_test	r	pval
2443	diabetes	324128	15494	36014	1778	0.0595429891903994	1.1799169337971408e-29
