phen	desc	n_train	n_cas_train	n_test	n_cas_test	r	pval
2443	diabetes	324128	15494	36014	1778	0.08296794702505765	4.866503073393902e-56
