phen	desc	n_train	n_cas_train	n_test	n_cas_test	r	pval
2443	diabetes	324128	15494	36014	1778	0.10124052045012684	1.1281419604532708e-82
