phen	desc	n	n_cas	n_train	n_cas_train	n_test	n_cas_test	threshold	r	pval	inv_n_train	inv_R2
21001	BMI	359933	0	64788	0	35993	0	1	0.15984827375111196	1.3506392401141318e-204	1.543495709081929e-05	39.13669059697464
21001	BMI	359933	0	129576	0	35993	0	1	0.20018454140065106	4.84e-322	7.717478545409644e-06	24.953928425485596
21001	BMI	359933	0	194364	0	35993	0	1	0.22974956942003374	0.0	5.144985696939762e-06	18.944824556347527
21001	BMI	359933	0	259152	0	35993	0	1	0.2504052045287783	0.0	3.858739272704822e-06	15.948259646822573
21001	BMI	359933	0	323940	0	35993	0	1	0.2650631180643625	0.0	3.0869914181638575e-06	14.23316208454488
