phen	desc	n	n_cas	n_train	n_cas_train	n_test	n_cas_test	threshold	r	pval	inv_n_train	inv_R2
50	height	360338	0	64860	0	36034	0	1	0.19006303002766603	2.9517239423211167e-290	1.5417823003391923e-05	27.68246138578631
50	height	360338	0	129721	0	36034	0	1	0.24297812502011065	0.0	7.708852074837536e-06	16.938137230109394
50	height	360338	0	194582	0	36034	0	1	0.2687075977439212	0.0	5.139221510725555e-06	13.849691744204238
50	height	360338	0	259443	0	36034	0	1	0.28692499508417585	0.0	3.854411180875953e-06	12.146837855373752
50	height	360338	0	324304	0	36034	0	1	0.2992410930286864	0.0	3.083526567664907e-06	11.1675404751163
