phen	desc	n	n_cas	n_train	n_cas_train	n_test	n_cas_test	r	pval	inv_n_train	inv_R2
21001	bmi	359933	0	64788	0	35993	0	0.2180058611769297	0.0	1.543495709081929e-05	21.04086840129418
21001	bmi	359933	0	129576	0	35993	0	0.2457252258858212	0.0	7.717478545409644e-06	16.56153222820052
21001	bmi	359933	0	194364	0	35993	0	0.26016886291661906	0.0	5.144985696939762e-06	14.773702941378534
21001	bmi	359933	0	259152	0	35993	0	0.2793589450938236	0.0	3.858739272704822e-06	12.813708379304861
21001	bmi	359933	0	323940	0	35993	0	0.2879050482651052	0.0	3.0869914181638575e-06	12.064280879686855
