phen	desc	n	n_cas	n_train	n_cas_train	n_test	n_cas_test	r	pval	inv_n_train	inv_R2
50	height	360338	0	64860	0	36034	0	0.2622047637192582	0.0	1.5417823003391926e-05	14.545171445203982
50	height	360338	0	129721	0	36034	0	0.2935755731065365	0.0	7.708852074837536e-06	11.602729441760266
50	height	360338	0	194582	0	36034	0	0.3085528950637658	0.0	5.139221510725555e-06	10.503662258892822
50	height	360338	0	259443	0	36034	0	0.3150328626280153	0.0	3.8544111808759526e-06	10.076002832357089
50	height	360338	0	324304	0	36034	0	0.31915620380415066	0.0	3.0835265676649066e-06	9.81733065375682
